type,tp,fp,tn,fn,w_pr,w_re,w_f_measure
training,97,0,1831,3,0.998449,0.998446,0.998435
test,19,1,459,8,0.981047,0.981520,0.980213
