precision,recall,f1
0.95,0.7037037037037037,0.8085106382978724
