type,tp,fp,tn,fn,w_pr,w_re,w_f_measure
training,936,0,965,28,0.985437,0.985000,0.984997
test,0,1,459,27,0.892083,0.942505,0.916601
