type,tp,fp,tn,fn,w_pr,w_re,w_f_measure
training,69,0,1628,3,0.998239,0.998235,0.998217
test,35,1,662,20,0.970793,0.970752,0.967905
