type,tp,fp,tn,fn,w_pr,w_re,w_f_measure
training,704,3,701,0,0.997585,0.997573,0.997573
test,15,11,300,30,0.867103,0.884831,0.871128
