type,tp,fp,tn,fn,w_pr,w_re,w_f_measure
training,127,3,1026,0,0.997465,0.997405,0.997418
test,22,3,515,69,0.881573,0.881773,0.851680
