true_positive,false_positive,true_negative,false_negative,precision,recall,f1
15.0,11.0,300.0,30.0,0.5769230769230769,0.3333333333333333,0.4225352112676057
