type,tp,fp,tn,fn,w_pr,w_re,w_f_measure
training,173,4,1232,0,0.997225,0.997161,0.997175
test,15,1,310,30,0.915018,0.912921,0.894162
