precision,recall,f1
0.9375,0.3333333333333333,0.49180327868852464
