type,tp,fp,tn,fn,w_pr,w_re,w_f_measure
training,695,3,699,7,0.992283,0.992272,0.992272
test,7,8,323,21,0.902118,0.919220,0.907787
