type,tp,fp,tn,fn,w_pr,w_re,w_f_measure
training,98,0,1307,1,0.999289,0.999289,0.999287
test,3,2,329,25,0.903689,0.924791,0.899845
