type,tp,fp,tn,fn,w_pr,w_re,w_f_measure
training,63,0,1091,2,0.998273,0.998270,0.998257
test,3,0,547,59,0.912552,0.903120,0.861630
