precision,recall,f1
0.6,0.10714285714285714,0.18181818181818182
