type,tp,fp,tn,fn,w_pr,w_re,w_f_measure
training,349,3,1492,20,0.987704,0.987661,0.987550
test,44,25,531,91,0.811495,0.832127,0.809674
