true_positive,false_positive,true_negative,false_negative,precision,recall,f1
32.0,20.0,394.0,70.0,0.6153846153846154,0.3137254901960784,0.4155844155844156
