precision,recall,f1
0.6153846153846154,0.3137254901960784,0.4155844155844156
