type,tp,fp,tn,fn,w_pr,w_re,w_f_measure
training,1019,34,985,0,0.983747,0.983201,0.983196
test,20,56,358,82,0.704821,0.732558,0.717097
