type,tp,fp,tn,fn,w_pr,w_re,w_f_measure
training,377,0,1637,25,0.987924,0.987739,0.987589
test,32,20,394,70,0.802931,0.825581,0.802233
