type,tp,fp,tn,fn,w_pr,w_re,w_f_measure
training,955,2,961,8,0.994199,0.994177,0.994177
test,25,40,363,62,0.770757,0.791837,0.779538
