type,tp,fp,tn,fn,w_pr,w_re,w_f_measure
training,324,0,1600,4,0.997930,0.997925,0.997920
test,31,16,387,56,0.835591,0.853061,0.834604
