precision,recall,f1
0.6595744680851063,0.3563218390804598,0.46268656716417916
