type,tp,fp,tn,fn,w_pr,w_re,w_f_measure
training,290,0,1409,1,0.999412,0.999412,0.999411
test,47,10,584,77,0.873329,0.878830,0.859638
