true_positive,false_positive,true_negative,false_negative,precision,recall,f1
31.0,16.0,387.0,56.0,0.6595744680851063,0.3563218390804598,0.46268656716417916
