type,tp,fp,tn,fn,w_pr,w_re,w_f_measure
training,926,9,955,38,0.975591,0.975134,0.975128
test,17,10,421,40,0.880106,0.897541,0.880968
