true_positive,false_positive,true_negative,false_negative,precision,recall,f1
17.0,10.0,421.0,40.0,0.6296296296296297,0.2982456140350877,0.40476190476190477
