type,tp,fp,tn,fn,w_pr,w_re,w_f_measure
training,169,0,1518,13,0.992418,0.992353,0.992228
test,35,4,616,63,0.905882,0.906685,0.888711
