type,tp,fp,tn,fn,w_pr,w_re,w_f_measure
training,211,0,1707,12,0.993826,0.993782,0.993707
test,28,3,428,29,0.932651,0.934426,0.925699
