precision,recall,f1
0.9032258064516129,0.49122807017543857,0.6363636363636364
