true_positive,false_positive,true_negative,false_negative,precision,recall,f1
28.0,3.0,428.0,29.0,0.9032258064516129,0.49122807017543857,0.6363636363636364
