type,tp,fp,tn,fn,w_pr,w_re,w_f_measure
training,39,0,1116,1,0.999136,0.999135,0.999130
test,1,0,572,36,0.944387,0.940887,0.913787
