precision,recall,f1
0.5,0.11764705882352941,0.19047619047619047
