type,tp,fp,tn,fn,w_pr,w_re,w_f_measure
training,60,0,1348,0,1.000000,1.000000,1.000000
test,2,2,338,15,0.935721,0.952381,0.938088
