type,tp,fp,tn,fn,w_pr,w_re,w_f_measure
training,704,1,702,0,0.999259,0.999258,0.999258
test,1,2,338,16,0.925209,0.949580,0.932441
