type,tp,fp,tn,fn,w_pr,w_re,w_f_measure
training,184,1,1221,0,0.999293,0.999289,0.999290
test,6,2,309,42,0.862915,0.877437,0.837368
