type,tp,fp,tn,fn,w_pr,w_re,w_f_measure
training,702,3,699,0,0.997557,0.997545,0.997545
test,5,23,288,43,0.777631,0.816156,0.794830
