type,tp,fp,tn,fn,w_pr,w_re,w_f_measure
training,147,0,1008,1,0.999136,0.999135,0.999134
test,13,7,518,71,0.847808,0.871921,0.836191
