type,tp,fp,tn,fn,w_pr,w_re,w_f_measure
training,700,9,693,2,0.991112,0.991067,0.991067
test,10,22,273,53,0.745049,0.790503,0.761551
