type,tp,fp,tn,fn,w_pr,w_re,w_f_measure
training,177,4,973,2,0.994844,0.994810,0.994821
test,38,14,469,88,0.818995,0.832512,0.803656
