type,tp,fp,tn,fn,w_pr,w_re,w_f_measure
training,239,0,1165,3,0.997873,0.997868,0.997863
test,22,9,286,41,0.845592,0.860335,0.840155
