true_positive,false_positive,true_negative,false_negative,precision,recall,f1
22.0,9.0,286.0,41.0,0.7096774193548387,0.3492063492063492,0.4680851063829788
