precision,recall,f1
0.7096774193548387,0.3492063492063492,0.4680851063829788
