type,tp,fp,tn,fn,w_pr,w_re,w_f_measure
training,540,5,609,2,0.993960,0.993945,0.993946
test,179,124,279,27,0.803182,0.752053,0.758717
