type,tp,fp,tn,fn,w_pr,w_re,w_f_measure
training,595,4,808,1,0.996460,0.996449,0.996450
test,130,57,148,22,0.795908,0.778711,0.779808
