type,tp,fp,tn,fn,w_pr,w_re,w_f_measure
training,702,3,700,1,0.996703,0.996698,0.996698
test,66,20,185,86,0.718756,0.703081,0.682497
