precision,recall,f1
0.6951871657754011,0.8552631578947368,0.7669616519174041
