true_positive,false_positive,true_negative,false_negative,precision,recall,f1
130.0,57.0,148.0,22.0,0.6951871657754011,0.8552631578947368,0.7669616519174041
