type,tp,fp,tn,fn,w_pr,w_re,w_f_measure
training,937,9,955,26,0.981436,0.981281,0.981280
test,18,9,405,57,0.844421,0.865031,0.836971
