precision,recall,f1
0.875,0.4666666666666667,0.608695652173913
