type,tp,fp,tn,fn,w_pr,w_re,w_f_measure
training,261,7,1424,8,0.991164,0.991176,0.991170
test,47,13,610,48,0.908036,0.915042,0.906610
