type,tp,fp,tn,fn,w_pr,w_re,w_f_measure
training,273,0,1640,16,0.991786,0.991706,0.991608
test,35,5,409,40,0.905405,0.907975,0.895838
