precision,recall,f1
0.75,0.21739130434782608,0.33707865168539325
