type,tp,fp,tn,fn,w_pr,w_re,w_f_measure
training,200,0,954,2,0.998274,0.998270,0.998266
test,13,6,469,121,0.770557,0.791461,0.724348
