type,tp,fp,tn,fn,w_pr,w_re,w_f_measure
training,266,0,1139,1,0.999289,0.999289,0.999288
test,15,5,285,54,0.823274,0.835655,0.796815
