type,tp,fp,tn,fn,w_pr,w_re,w_f_measure
training,700,3,699,2,0.995495,0.995493,0.995493
test,23,16,274,46,0.805027,0.827298,0.807558
