true_positive,false_positive,true_negative,false_negative,precision,recall,f1
23.0,16.0,274.0,46.0,0.5897435897435898,0.3333333333333333,0.4259259259259259
