precision,recall,f1
0.7213114754098361,0.546583850931677,0.6219081272084807
