type,tp,fp,tn,fn,w_pr,w_re,w_f_measure
training,617,1,1403,16,0.991726,0.991654,0.991627
test,88,34,323,73,0.786333,0.793436,0.784552
