type,tp,fp,tn,fn,w_pr,w_re,w_f_measure
training,1000,8,1009,17,0.987076,0.987038,0.987037
test,36,34,323,125,0.656739,0.693050,0.649940
