true_positive,false_positive,true_negative,false_negative,precision,recall,f1
88.0,34.0,323.0,73.0,0.7213114754098361,0.546583850931677,0.6219081272084807
