true_positive,false_positive,true_negative,false_negative,precision,recall,f1
36.0,34.0,323.0,125.0,0.5142857142857142,0.2236024844720497,0.3116883116883117
