type,tp,fp,tn,fn,w_pr,w_re,w_f_measure
training,570,3,1280,11,0.992503,0.992489,0.992475
test,121,48,430,92,0.790532,0.797395,0.790184
