type,tp,fp,tn,fn,w_pr,w_re,w_f_measure
training,358,0,1678,3,0.998531,0.998529,0.998526
test,24,25,398,69,0.786923,0.817829,0.794109
