type,tp,fp,tn,fn,w_pr,w_re,w_f_measure
training,318,0,1541,5,0.997326,0.997318,0.997309
test,30,12,548,101,0.819713,0.836469,0.800424
