type,tp,fp,tn,fn,w_pr,w_re,w_f_measure
training,1016,5,1014,2,0.995937,0.995933,0.995933
test,7,50,373,86,0.688306,0.736434,0.710185
