precision,recall,f1
0.4897959183673469,0.25806451612903225,0.33802816901408445
