true_positive,false_positive,true_negative,false_negative,precision,recall,f1
24.0,25.0,398.0,69.0,0.4897959183673469,0.25806451612903225,0.33802816901408445
