type,tp,fp,tn,fn,w_pr,w_re,w_f_measure
training,414,22,1237,27,0.971091,0.971176,0.971123
test,69,27,500,122,0.781218,0.792479,0.766712
