precision,recall,f1
0.7386363636363636,0.5118110236220472,0.6046511627906976
