type,tp,fp,tn,fn,w_pr,w_re,w_f_measure
training,457,10,1416,48,0.970188,0.969964,0.969574
test,65,23,337,62,0.816975,0.825462,0.814116
