type,tp,fp,tn,fn,w_pr,w_re,w_f_measure
training,948,50,915,17,0.965683,0.965142,0.965132
test,34,63,297,93,0.654352,0.679671,0.664627
