true_positive,false_positive,true_negative,false_negative,precision,recall,f1
65.0,23.0,337.0,62.0,0.7386363636363636,0.5118110236220472,0.6046511627906976
