type,tp,fp,tn,fn,w_pr,w_re,w_f_measure
training,65,0,1635,0,1.000000,1.000000,1.000000
test,49,0,668,1,0.998609,0.998607,0.998601
