type,tp,fp,tn,fn,w_pr,w_re,w_f_measure
training,89,0,1839,1,0.999482,0.999482,0.999480
test,25,0,464,0,1.000000,1.000000,1.000000
