type,tp,fp,tn,fn,w_pr,w_re,w_f_measure
training,964,0,963,0,0.999728,0.999728,0.999728
test,17,0,464,8,0.983917,0.983640,0.982152
