true_positive,false_positive,true_negative,false_negative,precision,recall,f1
111.0,41.0,262.0,73.0,0.7302631578947368,0.6032608695652174,0.6607142857142857
