type,tp,fp,tn,fn,w_pr,w_re,w_f_measure
training,962,52,912,2,0.972478,0.971195,0.971175
test,66,56,247,118,0.625431,0.642710,0.623095
