type,tp,fp,tn,fn,w_pr,w_re,w_f_measure
training,686,16,1187,42,0.970117,0.969964,0.969851
test,111,41,262,73,0.762508,0.765914,0.760637
