precision,recall,f1
0.7302631578947368,0.6032608695652174,0.6607142857142857
