type,tp,fp,tn,fn,w_pr,w_re,w_f_measure
training,667,36,987,10,0.973571,0.972941,0.973022
test,181,126,357,54,0.777285,0.749304,0.755860
