precision,recall,f1
0.5161290322580645,0.24615384615384617,0.3333333333333333
