type,tp,fp,tn,fn,w_pr,w_re,w_f_measure
training,197,1,1646,20,0.988805,0.988734,0.988508
test,9,12,584,86,0.810728,0.858177,0.817085
