true_positive,false_positive,true_negative,false_negative,precision,recall,f1
16.0,15.0,436.0,49.0,0.5161290322580645,0.24615384615384617,0.3333333333333333
