type,tp,fp,tn,fn,w_pr,w_re,w_f_measure
training,1011,32,986,8,0.980051,0.979768,0.979765
test,11,53,398,54,0.791262,0.792636,0.791947
