type,tp,fp,tn,fn,w_pr,w_re,w_f_measure
training,225,0,1792,22,0.989341,0.989210,0.988992
test,16,15,436,49,0.850743,0.875969,0.856258
