precision,recall,f1
0.7840909090909091,0.4233128834355828,0.5498007968127491
