type,tp,fp,tn,fn,w_pr,w_re,w_f_measure
training,1017,28,990,1,0.985632,0.985296,0.985294
test,30,34,320,133,0.631475,0.676983,0.626358
