type,tp,fp,tn,fn,w_pr,w_re,w_f_measure
training,578,4,1261,21,0.986675,0.986588,0.986536
test,110,55,435,91,0.780359,0.788712,0.782064
