true_positive,false_positive,true_negative,false_negative,precision,recall,f1
69.0,19.0,335.0,94.0,0.7840909090909091,0.4233128834355828,0.5498007968127491
