type,tp,fp,tn,fn,w_pr,w_re,w_f_measure
training,619,6,1395,18,0.988242,0.988224,0.988193
test,69,19,335,94,0.781896,0.781431,0.759245
